policy_id,policy,noise_probability,control_hz,n_trials,success_rate,success_ci95_low,success_ci95_high,decisions_mean,decisions_std,decisions_ci95_low,decisions_ci95_high,reward_mean,reward_std,reward_ci95_low,reward_ci95_high,blocked_mean,corrupted_mean,unique_positions_mean,elapsed_seconds_mean,elapsed_seconds_std,elapsed_ci95_low,elapsed_ci95_high,planning_seconds_mean
dp,Dynamic Programming,0.0,20,30,1.0,1.0,1.0,35.0,0.0,35.0,35.0,66.0,0.0,66.0,66.0,0.0,0.0,35.0,1.75,0.0,1.75,1.75,9.163495148338067e-06
dp,Dynamic Programming,0.0,10,30,1.0,1.0,1.0,35.0,0.0,35.0,35.0,66.0,0.0,66.0,66.0,0.0,0.0,35.0,3.5,0.0,3.5,3.5,9.163495148338067e-06
dp,Dynamic Programming,0.0,5,30,1.0,1.0,1.0,35.0,0.0,35.0,35.0,66.0,0.0,66.0,66.0,0.0,0.0,35.0,7.0,0.0,7.0,7.0,9.163495148338067e-06
dp,Dynamic Programming,0.0,2,30,1.0,1.0,1.0,35.0,0.0,35.0,35.0,66.0,0.0,66.0,66.0,0.0,0.0,35.0,17.5,0.0,17.5,17.5,9.163495148338067e-06
dp,Dynamic Programming,0.0,1,30,1.0,1.0,1.0,35.0,0.0,35.0,35.0,66.0,0.0,66.0,66.0,0.0,0.0,35.0,35.0,0.0,35.0,35.0,9.163495148338067e-06
dp,Dynamic Programming,0.1,20,30,1.0,1.0,1.0,40.36666666666667,3.090400412995649,39.26078108162495,41.472552251708386,60.63333333333333,3.090400412995649,59.527447748291614,61.73921891837505,0.0,3.9,35.06666666666667,2.018333333333333,0.15452002064978243,1.9630390540812472,2.073627612585419,1.0423868419214462e-05
dp,Dynamic Programming,0.1,10,30,1.0,1.0,1.0,40.36666666666667,3.090400412995649,39.26078108162495,41.472552251708386,60.63333333333333,3.090400412995649,59.527447748291614,61.73921891837505,0.0,3.9,35.06666666666667,4.036666666666666,0.30904004129956486,3.9260781081624945,4.147255225170838,1.0423868419214462e-05
dp,Dynamic Programming,0.1,5,30,1.0,1.0,1.0,40.36666666666667,3.090400412995649,39.26078108162495,41.472552251708386,60.63333333333333,3.090400412995649,59.527447748291614,61.73921891837505,0.0,3.9,35.06666666666667,8.073333333333332,0.6180800825991297,7.852156216324989,8.294510450341676,1.0423868419214462e-05
dp,Dynamic Programming,0.1,2,30,1.0,1.0,1.0,40.36666666666667,3.090400412995649,39.26078108162495,41.472552251708386,60.63333333333333,3.090400412995649,59.527447748291614,61.73921891837505,0.0,3.9,35.06666666666667,20.183333333333334,1.5452002064978245,19.630390540812474,20.736276125854193,1.0423868419214462e-05
dp,Dynamic Programming,0.1,1,30,1.0,1.0,1.0,40.36666666666667,3.090400412995649,39.26078108162495,41.472552251708386,60.63333333333333,3.090400412995649,59.527447748291614,61.73921891837505,0.0,3.9,35.06666666666667,40.36666666666667,3.090400412995649,39.26078108162495,41.472552251708386,1.0423868419214462e-05
dp,Dynamic Programming,0.2,20,30,1.0,1.0,1.0,51.666666666666664,6.722752583492165,49.260960550843535,54.07237278248979,49.06666666666667,6.932847020964184,46.58577922193848,51.54755411139486,0.06666666666666667,11.133333333333333,35.833333333333336,2.5833333333333335,0.3361376291746082,2.463048027542177,2.70361863912449,1.3443896750686691e-05
dp,Dynamic Programming,0.2,10,30,1.0,1.0,1.0,51.666666666666664,6.722752583492165,49.260960550843535,54.07237278248979,49.06666666666667,6.932847020964184,46.58577922193848,51.54755411139486,0.06666666666666667,11.133333333333333,35.833333333333336,5.166666666666667,0.6722752583492164,4.926096055084354,5.40723727824898,1.3443896750686691e-05
dp,Dynamic Programming,0.2,5,30,1.0,1.0,1.0,51.666666666666664,6.722752583492165,49.260960550843535,54.07237278248979,49.06666666666667,6.932847020964184,46.58577922193848,51.54755411139486,0.06666666666666667,11.133333333333333,35.833333333333336,10.333333333333334,1.3445505166984328,9.852192110168708,10.81447455649796,1.3443896750686691e-05
dp,Dynamic Programming,0.2,2,30,1.0,1.0,1.0,51.666666666666664,6.722752583492165,49.260960550843535,54.07237278248979,49.06666666666667,6.932847020964184,46.58577922193848,51.54755411139486,0.06666666666666667,11.133333333333333,35.833333333333336,25.833333333333332,3.3613762917460823,24.630480275421768,27.036186391244897,1.3443896750686691e-05
dp,Dynamic Programming,0.2,1,30,1.0,1.0,1.0,51.666666666666664,6.722752583492165,49.260960550843535,54.07237278248979,49.06666666666667,6.932847020964184,46.58577922193848,51.54755411139486,0.06666666666666667,11.133333333333333,35.833333333333336,51.666666666666664,6.722752583492165,49.260960550843535,54.07237278248979,1.3443896750686691e-05
dp,Dynamic Programming,0.3,20,30,1.0,1.0,1.0,62.1,9.289779329994873,58.77569516038817,65.42430483961184,37.96666666666667,9.510369416420248,34.56342467840734,41.369908654926,0.23333333333333334,18.666666666666668,36.5,3.105,0.46448896649974364,2.938784758019408,3.2712152419805918,1.6062434588093312e-05
dp,Dynamic Programming,0.3,10,30,1.0,1.0,1.0,62.1,9.289779329994873,58.77569516038817,65.42430483961184,37.96666666666667,9.510369416420248,34.56342467840734,41.369908654926,0.23333333333333334,18.666666666666668,36.5,6.21,0.9289779329994873,5.877569516038816,6.5424304839611835,1.6062434588093312e-05
dp,Dynamic Programming,0.3,5,30,1.0,1.0,1.0,62.1,9.289779329994873,58.77569516038817,65.42430483961184,37.96666666666667,9.510369416420248,34.56342467840734,41.369908654926,0.23333333333333334,18.666666666666668,36.5,12.42,1.8579558659989746,11.755139032077633,13.084860967922367,1.6062434588093312e-05
dp,Dynamic Programming,0.3,2,30,1.0,1.0,1.0,62.1,9.289779329994873,58.77569516038817,65.42430483961184,37.96666666666667,9.510369416420248,34.56342467840734,41.369908654926,0.23333333333333334,18.666666666666668,36.5,31.05,4.644889664997437,29.387847580194084,32.71215241980592,1.6062434588093312e-05
dp,Dynamic Programming,0.3,1,30,1.0,1.0,1.0,62.1,9.289779329994873,58.77569516038817,65.42430483961184,37.96666666666667,9.510369416420248,34.56342467840734,41.369908654926,0.23333333333333334,18.666666666666668,36.5,62.1,9.289779329994873,58.77569516038817,65.42430483961184,1.6062434588093312e-05
dp,Dynamic Programming,0.4,20,30,1.0,1.0,1.0,83.33333333333333,15.243615584629325,77.87847555242266,88.788191114244,16.866666666666667,15.249043685862183,11.409866464676087,22.32346686865725,0.2,33.36666666666667,38.333333333333336,4.166666666666667,0.7621807792314662,3.8939237776211333,4.4394095557122,2.153966136878201e-05
dp,Dynamic Programming,0.4,10,30,1.0,1.0,1.0,83.33333333333333,15.243615584629325,77.87847555242266,88.788191114244,16.866666666666667,15.249043685862183,11.409866464676087,22.32346686865725,0.2,33.36666666666667,38.333333333333336,8.333333333333334,1.5243615584629324,7.787847555242267,8.8788191114244,2.153966136878201e-05
dp,Dynamic Programming,0.4,5,30,1.0,1.0,1.0,83.33333333333333,15.243615584629325,77.87847555242266,88.788191114244,16.866666666666667,15.249043685862183,11.409866464676087,22.32346686865725,0.2,33.36666666666667,38.333333333333336,16.666666666666668,3.048723116925865,15.575695110484533,17.7576382228488,2.153966136878201e-05
dp,Dynamic Programming,0.4,2,30,1.0,1.0,1.0,83.33333333333333,15.243615584629325,77.87847555242266,88.788191114244,16.866666666666667,15.249043685862183,11.409866464676087,22.32346686865725,0.2,33.36666666666667,38.333333333333336,41.666666666666664,7.621807792314662,38.93923777621133,44.394095557122,2.153966136878201e-05
dp,Dynamic Programming,0.4,1,30,1.0,1.0,1.0,83.33333333333333,15.243615584629325,77.87847555242266,88.788191114244,16.866666666666667,15.249043685862183,11.409866464676087,22.32346686865725,0.2,33.36666666666667,38.333333333333336,83.33333333333333,15.243615584629325,77.87847555242266,88.788191114244,2.153966136878201e-05
dp,Dynamic Programming,0.5,20,30,1.0,1.0,1.0,115.53333333333333,31.901500703359346,104.11752791838207,126.9491387482846,-17.333333333333332,34.142029244313235,-29.550901589726124,-5.115765076940539,0.7,57.7,41.766666666666666,5.776666666666666,1.5950750351679672,5.205876395919103,6.34745693741423,2.9857670233468526e-05
dp,Dynamic Programming,0.5,10,30,1.0,1.0,1.0,115.53333333333333,31.901500703359346,104.11752791838207,126.9491387482846,-17.333333333333332,34.142029244313235,-29.550901589726124,-5.115765076940539,0.7,57.7,41.766666666666666,11.553333333333333,3.1901500703359345,10.411752791838206,12.69491387482846,2.9857670233468526e-05
dp,Dynamic Programming,0.5,5,30,1.0,1.0,1.0,115.53333333333333,31.901500703359346,104.11752791838207,126.9491387482846,-17.333333333333332,34.142029244313235,-29.550901589726124,-5.115765076940539,0.7,57.7,41.766666666666666,23.106666666666666,6.380300140671869,20.82350558367641,25.38982774965692,2.9857670233468526e-05
dp,Dynamic Programming,0.5,2,30,1.0,1.0,1.0,115.53333333333333,31.901500703359346,104.11752791838207,126.9491387482846,-17.333333333333332,34.142029244313235,-29.550901589726124,-5.115765076940539,0.7,57.7,41.766666666666666,57.766666666666666,15.950750351679673,52.05876395919103,63.4745693741423,2.9857670233468526e-05
dp,Dynamic Programming,0.5,1,30,1.0,1.0,1.0,115.53333333333333,31.901500703359346,104.11752791838207,126.9491387482846,-17.333333333333332,34.142029244313235,-29.550901589726124,-5.115765076940539,0.7,57.7,41.766666666666666,115.53333333333333,31.901500703359346,104.11752791838207,126.9491387482846,2.9857670233468526e-05
q_learning,Q-Learning,0.0,20,30,1.0,1.0,1.0,38.0,0.0,38.0,38.0,63.0,0.0,63.0,63.0,0.0,0.0,35.0,1.9,0.0,1.9,1.9,0.0003298598671487222
q_learning,Q-Learning,0.0,10,30,1.0,1.0,1.0,38.0,0.0,38.0,38.0,63.0,0.0,63.0,63.0,0.0,0.0,35.0,3.8,0.0,3.8,3.8,0.0003298598671487222
q_learning,Q-Learning,0.0,5,30,1.0,1.0,1.0,38.0,0.0,38.0,38.0,63.0,0.0,63.0,63.0,0.0,0.0,35.0,7.6,0.0,7.6,7.6,0.0003298598671487222
q_learning,Q-Learning,0.0,2,30,1.0,1.0,1.0,38.0,0.0,38.0,38.0,63.0,0.0,63.0,63.0,0.0,0.0,35.0,19.0,0.0,19.0,19.0,0.0003298598671487222
q_learning,Q-Learning,0.0,1,30,1.0,1.0,1.0,38.0,0.0,38.0,38.0,63.0,0.0,63.0,63.0,0.0,0.0,35.0,38.0,0.0,38.0,38.0,0.0003298598671487222
q_learning,Q-Learning,0.1,20,30,1.0,1.0,1.0,45.1,5.560637522368493,43.11015141799424,47.089848582005764,55.766666666666666,5.963586824729892,53.63262452867049,57.90070880466284,0.03333333333333333,4.5,35.166666666666664,2.255,0.27803187611842467,2.1555075708997116,2.354492429100288,0.00038975026691332457
q_learning,Q-Learning,0.1,10,30,1.0,1.0,1.0,45.1,5.560637522368493,43.11015141799424,47.089848582005764,55.766666666666666,5.963586824729892,53.63262452867049,57.90070880466284,0.03333333333333333,4.5,35.166666666666664,4.51,0.5560637522368493,4.311015141799423,4.708984858200576,0.00038975026691332457
q_learning,Q-Learning,0.1,5,30,1.0,1.0,1.0,45.1,5.560637522368493,43.11015141799424,47.089848582005764,55.766666666666666,5.963586824729892,53.63262452867049,57.90070880466284,0.03333333333333333,4.5,35.166666666666664,9.02,1.1121275044736987,8.622030283598846,9.417969716401153,0.00038975026691332457
q_learning,Q-Learning,0.1,2,30,1.0,1.0,1.0,45.1,5.560637522368493,43.11015141799424,47.089848582005764,55.766666666666666,5.963586824729892,53.63262452867049,57.90070880466284,0.03333333333333333,4.5,35.166666666666664,22.55,2.7803187611842466,21.55507570899712,23.544924291002882,0.00038975026691332457
q_learning,Q-Learning,0.1,1,30,1.0,1.0,1.0,45.1,5.560637522368493,43.11015141799424,47.089848582005764,55.766666666666666,5.963586824729892,53.63262452867049,57.90070880466284,0.03333333333333333,4.5,35.166666666666664,45.1,5.560637522368493,43.11015141799424,47.089848582005764,0.00038975026691332457
q_learning,Q-Learning,0.2,20,30,1.0,1.0,1.0,55.233333333333334,7.964071620823685,52.38342690480958,58.08323976185709,45.766666666666666,7.964071620823685,42.91676023814291,48.61657309519042,0.0,10.433333333333334,35.56666666666667,2.7616666666666667,0.3982035810411843,2.619171345240479,2.9041619880928544,0.00047468969957359755
q_learning,Q-Learning,0.2,10,30,1.0,1.0,1.0,55.233333333333334,7.964071620823685,52.38342690480958,58.08323976185709,45.766666666666666,7.964071620823685,42.91676023814291,48.61657309519042,0.0,10.433333333333334,35.56666666666667,5.523333333333333,0.7964071620823686,5.238342690480958,5.808323976185709,0.00047468969957359755
q_learning,Q-Learning,0.2,5,30,1.0,1.0,1.0,55.233333333333334,7.964071620823685,52.38342690480958,58.08323976185709,45.766666666666666,7.964071620823685,42.91676023814291,48.61657309519042,0.0,10.433333333333334,35.56666666666667,11.046666666666667,1.5928143241647372,10.476685380961916,11.616647952371418,0.00047468969957359755
q_learning,Q-Learning,0.2,2,30,1.0,1.0,1.0,55.233333333333334,7.964071620823685,52.38342690480958,58.08323976185709,45.766666666666666,7.964071620823685,42.91676023814291,48.61657309519042,0.0,10.433333333333334,35.56666666666667,27.616666666666667,3.9820358104118423,26.19171345240479,29.041619880928543,0.00047468969957359755
q_learning,Q-Learning,0.2,1,30,1.0,1.0,1.0,55.233333333333334,7.964071620823685,52.38342690480958,58.08323976185709,45.766666666666666,7.964071620823685,42.91676023814291,48.61657309519042,0.0,10.433333333333334,35.56666666666667,55.233333333333334,7.964071620823685,52.38342690480958,58.08323976185709,0.00047468969957359755
q_learning,Q-Learning,0.3,20,30,1.0,1.0,1.0,73.8,14.979065851818111,68.43981012516787,79.16018987483213,26.666666666666668,15.223242967146705,21.219099133294424,32.11423420003891,0.13333333333333333,21.7,36.333333333333336,3.69,0.7489532925909056,3.4219905062583935,3.9580094937416064,0.0006338802988466341
q_learning,Q-Learning,0.3,10,30,1.0,1.0,1.0,73.8,14.979065851818111,68.43981012516787,79.16018987483213,26.666666666666668,15.223242967146705,21.219099133294424,32.11423420003891,0.13333333333333333,21.7,36.333333333333336,7.38,1.4979065851818112,6.843981012516787,7.916018987483213,0.0006338802988466341
q_learning,Q-Learning,0.3,5,30,1.0,1.0,1.0,73.8,14.979065851818111,68.43981012516787,79.16018987483213,26.666666666666668,15.223242967146705,21.219099133294424,32.11423420003891,0.13333333333333333,21.7,36.333333333333336,14.76,2.9958131703636224,13.687962025033574,15.832037974966426,0.0006338802988466341
q_learning,Q-Learning,0.3,2,30,1.0,1.0,1.0,73.8,14.979065851818111,68.43981012516787,79.16018987483213,26.666666666666668,15.223242967146705,21.219099133294424,32.11423420003891,0.13333333333333333,21.7,36.333333333333336,36.9,7.489532925909056,34.21990506258393,39.580094937416064,0.0006338802988466341
q_learning,Q-Learning,0.3,1,30,1.0,1.0,1.0,73.8,14.979065851818111,68.43981012516787,79.16018987483213,26.666666666666668,15.223242967146705,21.219099133294424,32.11423420003891,0.13333333333333333,21.7,36.333333333333336,73.8,14.979065851818111,68.43981012516787,79.16018987483213,0.0006338802988466341
q_learning,Q-Learning,0.4,20,30,1.0,1.0,1.0,96.43333333333334,16.963822221652055,90.3629075130266,102.50375915364008,4.166666666666667,17.294773644147497,-2.0221885992056663,10.355521932539,0.1,38.666666666666664,38.86666666666667,4.821666666666666,0.8481911110826027,4.518145375651329,5.125187957682003,0.0008256779346993426
q_learning,Q-Learning,0.4,10,30,1.0,1.0,1.0,96.43333333333334,16.963822221652055,90.3629075130266,102.50375915364008,4.166666666666667,17.294773644147497,-2.0221885992056663,10.355521932539,0.1,38.666666666666664,38.86666666666667,9.643333333333333,1.6963822221652054,9.036290751302658,10.250375915364007,0.0008256779346993426
q_learning,Q-Learning,0.4,5,30,1.0,1.0,1.0,96.43333333333334,16.963822221652055,90.3629075130266,102.50375915364008,4.166666666666667,17.294773644147497,-2.0221885992056663,10.355521932539,0.1,38.666666666666664,38.86666666666667,19.286666666666665,3.392764444330411,18.072581502605317,20.500751830728014,0.0008256779346993426
q_learning,Q-Learning,0.4,2,30,1.0,1.0,1.0,96.43333333333334,16.963822221652055,90.3629075130266,102.50375915364008,4.166666666666667,17.294773644147497,-2.0221885992056663,10.355521932539,0.1,38.666666666666664,38.86666666666667,48.21666666666667,8.481911110826028,45.1814537565133,51.25187957682004,0.0008256779346993426
q_learning,Q-Learning,0.4,1,30,1.0,1.0,1.0,96.43333333333334,16.963822221652055,90.3629075130266,102.50375915364008,4.166666666666667,17.294773644147497,-2.0221885992056663,10.355521932539,0.1,38.666666666666664,38.86666666666667,96.43333333333334,16.963822221652055,90.3629075130266,102.50375915364008,0.0008256779346993426
q_learning,Q-Learning,0.5,20,30,1.0,1.0,1.0,157.9,38.70075291079063,144.05111343037316,171.74888656962685,-59.56666666666667,40.35932002206774,-74.00906385468218,-45.12426947865116,0.6666666666666666,79.56666666666666,45.36666666666667,7.8950000000000005,1.9350376455395313,7.202555671518658,8.587444328481343,0.0013505287388397846
q_learning,Q-Learning,0.5,10,30,1.0,1.0,1.0,157.9,38.70075291079063,144.05111343037316,171.74888656962685,-59.56666666666667,40.35932002206774,-74.00906385468218,-45.12426947865116,0.6666666666666666,79.56666666666666,45.36666666666667,15.790000000000001,3.8700752910790626,14.405111343037316,17.174888656962686,0.0013505287388397846
q_learning,Q-Learning,0.5,5,30,1.0,1.0,1.0,157.9,38.70075291079063,144.05111343037316,171.74888656962685,-59.56666666666667,40.35932002206774,-74.00906385468218,-45.12426947865116,0.6666666666666666,79.56666666666666,45.36666666666667,31.580000000000002,7.740150582158125,28.81022268607463,34.34977731392537,0.0013505287388397846
q_learning,Q-Learning,0.5,2,30,1.0,1.0,1.0,157.9,38.70075291079063,144.05111343037316,171.74888656962685,-59.56666666666667,40.35932002206774,-74.00906385468218,-45.12426947865116,0.6666666666666666,79.56666666666666,45.36666666666667,78.95,19.350376455395313,72.02555671518658,85.87444328481342,0.0013505287388397846
q_learning,Q-Learning,0.5,1,30,1.0,1.0,1.0,157.9,38.70075291079063,144.05111343037316,171.74888656962685,-59.56666666666667,40.35932002206774,-74.00906385468218,-45.12426947865116,0.6666666666666666,79.56666666666666,45.36666666666667,157.9,38.70075291079063,144.05111343037316,171.74888656962685,0.0013505287388397846
mcts,MCTS,0.0,20,30,1.0,1.0,1.0,53.833333333333336,8.039056958475241,50.95659374634584,56.71007292032083,47.166666666666664,8.039056958475241,44.28992707967917,50.04340625365416,0.0,0.0,35.2,2.691666666666667,0.40195284792376207,2.547829687317292,2.8355036460160417,1.1121100819994656
mcts,MCTS,0.0,10,30,1.0,1.0,1.0,53.833333333333336,8.039056958475241,50.95659374634584,56.71007292032083,47.166666666666664,8.039056958475241,44.28992707967917,50.04340625365416,0.0,0.0,35.2,5.383333333333334,0.8039056958475241,5.095659374634584,5.671007292032083,1.1121100819994656
mcts,MCTS,0.0,5,30,1.0,1.0,1.0,53.833333333333336,8.039056958475241,50.95659374634584,56.71007292032083,47.166666666666664,8.039056958475241,44.28992707967917,50.04340625365416,0.0,0.0,35.2,10.766666666666667,1.6078113916950483,10.191318749269168,11.342014584064167,1.1121100819994656
mcts,MCTS,0.0,2,30,1.0,1.0,1.0,53.833333333333336,8.039056958475241,50.95659374634584,56.71007292032083,47.166666666666664,8.039056958475241,44.28992707967917,50.04340625365416,0.0,0.0,35.2,26.916666666666668,4.0195284792376205,25.47829687317292,28.355036460160417,1.1121100819994656
mcts,MCTS,0.0,1,30,1.0,1.0,1.0,53.833333333333336,8.039056958475241,50.95659374634584,56.71007292032083,47.166666666666664,8.039056958475241,44.28992707967917,50.04340625365416,0.0,0.0,35.2,53.833333333333336,8.039056958475241,50.95659374634584,56.71007292032083,1.1121100819994656
mcts,MCTS,0.1,20,30,1.0,1.0,1.0,65.8,10.704172567033268,61.96956104073049,69.6304389592695,34.93333333333333,11.060751777571788,30.975294142326263,38.8913725243404,0.06666666666666667,7.333333333333333,35.86666666666667,3.29,0.5352086283516634,3.098478052036525,3.481521947963475,1.3716590634998282
mcts,MCTS,0.1,10,30,1.0,1.0,1.0,65.8,10.704172567033268,61.96956104073049,69.6304389592695,34.93333333333333,11.060751777571788,30.975294142326263,38.8913725243404,0.06666666666666667,7.333333333333333,35.86666666666667,6.58,1.0704172567033268,6.19695610407305,6.96304389592695,1.3716590634998282
mcts,MCTS,0.1,5,30,1.0,1.0,1.0,65.8,10.704172567033268,61.96956104073049,69.6304389592695,34.93333333333333,11.060751777571788,30.975294142326263,38.8913725243404,0.06666666666666667,7.333333333333333,35.86666666666667,13.16,2.1408345134066535,12.3939122081461,13.9260877918539,1.3716590634998282
mcts,MCTS,0.1,2,30,1.0,1.0,1.0,65.8,10.704172567033268,61.96956104073049,69.6304389592695,34.93333333333333,11.060751777571788,30.975294142326263,38.8913725243404,0.06666666666666667,7.333333333333333,35.86666666666667,32.9,5.352086283516634,30.984780520365245,34.81521947963475,1.3716590634998282
mcts,MCTS,0.1,1,30,1.0,1.0,1.0,65.8,10.704172567033268,61.96956104073049,69.6304389592695,34.93333333333333,11.060751777571788,30.975294142326263,38.8913725243404,0.06666666666666667,7.333333333333333,35.86666666666667,65.8,10.704172567033268,61.96956104073049,69.6304389592695,1.3716590634998282
mcts,MCTS,0.2,20,30,1.0,1.0,1.0,76.66666666666667,11.448033510798604,72.57004048727956,80.76329284605379,22.866666666666667,13.190208838202764,18.146611052993393,27.58672228033994,0.36666666666666664,15.366666666666667,36.833333333333336,3.8333333333333335,0.5724016755399302,3.628502024363978,4.038164642302689,1.6236691976699755
mcts,MCTS,0.2,10,30,1.0,1.0,1.0,76.66666666666667,11.448033510798604,72.57004048727956,80.76329284605379,22.866666666666667,13.190208838202764,18.146611052993393,27.58672228033994,0.36666666666666664,15.366666666666667,36.833333333333336,7.666666666666667,1.1448033510798603,7.257004048727956,8.076329284605379,1.6236691976699755
mcts,MCTS,0.2,5,30,1.0,1.0,1.0,76.66666666666667,11.448033510798604,72.57004048727956,80.76329284605379,22.866666666666667,13.190208838202764,18.146611052993393,27.58672228033994,0.36666666666666664,15.366666666666667,36.833333333333336,15.333333333333334,2.2896067021597206,14.514008097455912,16.152658569210757,1.6236691976699755
mcts,MCTS,0.2,2,30,1.0,1.0,1.0,76.66666666666667,11.448033510798604,72.57004048727956,80.76329284605379,22.866666666666667,13.190208838202764,18.146611052993393,27.58672228033994,0.36666666666666664,15.366666666666667,36.833333333333336,38.333333333333336,5.724016755399302,36.28502024363978,40.38164642302689,1.6236691976699755
mcts,MCTS,0.2,1,30,1.0,1.0,1.0,76.66666666666667,11.448033510798604,72.57004048727956,80.76329284605379,22.866666666666667,13.190208838202764,18.146611052993393,27.58672228033994,0.36666666666666664,15.366666666666667,36.833333333333336,76.66666666666667,11.448033510798604,72.57004048727956,80.76329284605379,1.6236691976699755
mcts,MCTS,0.3,20,30,1.0,1.0,1.0,94.63333333333334,19.47497657620358,87.66430246792135,101.60236419874533,5.166666666666667,20.542778466566705,-2.1844721978470467,12.51780553118038,0.3,27.566666666666666,38.46666666666667,4.7316666666666665,0.9737488288101791,4.383215123396067,5.080118209937266,1.954869269596626
mcts,MCTS,0.3,10,30,1.0,1.0,1.0,94.63333333333334,19.47497657620358,87.66430246792135,101.60236419874533,5.166666666666667,20.542778466566705,-2.1844721978470467,12.51780553118038,0.3,27.566666666666666,38.46666666666667,9.463333333333333,1.9474976576203582,8.766430246792133,10.160236419874533,1.954869269596626
mcts,MCTS,0.3,5,30,1.0,1.0,1.0,94.63333333333334,19.47497657620358,87.66430246792135,101.60236419874533,5.166666666666667,20.542778466566705,-2.1844721978470467,12.51780553118038,0.3,27.566666666666666,38.46666666666667,18.926666666666666,3.8949953152407164,17.532860493584266,20.320472839749065,1.954869269596626
mcts,MCTS,0.3,2,30,1.0,1.0,1.0,94.63333333333334,19.47497657620358,87.66430246792135,101.60236419874533,5.166666666666667,20.542778466566705,-2.1844721978470467,12.51780553118038,0.3,27.566666666666666,38.46666666666667,47.31666666666667,9.73748828810179,43.83215123396067,50.80118209937267,1.954869269596626
mcts,MCTS,0.3,1,30,1.0,1.0,1.0,94.63333333333334,19.47497657620358,87.66430246792135,101.60236419874533,5.166666666666667,20.542778466566705,-2.1844721978470467,12.51780553118038,0.3,27.566666666666666,38.46666666666667,94.63333333333334,19.47497657620358,87.66430246792135,101.60236419874533,1.954869269596626
mcts,MCTS,0.4,20,30,1.0,1.0,1.0,135.93333333333334,32.68441929066227,124.23736410002422,147.62930256664245,-38.4,35.41342040565393,-51.07252974046573,-25.727470259534265,0.8666666666666667,54.2,43.266666666666666,6.796666666666667,1.6342209645331136,6.2118682050012115,7.381465128332122,2.8039530654037663
mcts,MCTS,0.4,10,30,1.0,1.0,1.0,135.93333333333334,32.68441929066227,124.23736410002422,147.62930256664245,-38.4,35.41342040565393,-51.07252974046573,-25.727470259534265,0.8666666666666667,54.2,43.266666666666666,13.593333333333334,3.268441929066227,12.423736410002423,14.762930256664244,2.8039530654037663
mcts,MCTS,0.4,5,30,1.0,1.0,1.0,135.93333333333334,32.68441929066227,124.23736410002422,147.62930256664245,-38.4,35.41342040565393,-51.07252974046573,-25.727470259534265,0.8666666666666667,54.2,43.266666666666666,27.186666666666667,6.536883858132454,24.847472820004846,29.52586051332849,2.8039530654037663
mcts,MCTS,0.4,2,30,1.0,1.0,1.0,135.93333333333334,32.68441929066227,124.23736410002422,147.62930256664245,-38.4,35.41342040565393,-51.07252974046573,-25.727470259534265,0.8666666666666667,54.2,43.266666666666666,67.96666666666667,16.342209645331135,62.11868205001211,73.81465128332123,2.8039530654037663
mcts,MCTS,0.4,1,30,1.0,1.0,1.0,135.93333333333334,32.68441929066227,124.23736410002422,147.62930256664245,-38.4,35.41342040565393,-51.07252974046573,-25.727470259534265,0.8666666666666667,54.2,43.266666666666666,135.93333333333334,32.68441929066227,124.23736410002422,147.62930256664245,2.8039530654037663
mcts,MCTS,0.5,20,30,1.0,1.0,1.0,203.7,42.59443868507427,188.4577758705039,218.94222412949608,-109.9,47.210716200222286,-126.79413782297307,-93.00586217702694,1.8,102.53333333333333,49.3,10.185,2.1297219342537135,9.422888793525196,10.947111206474805,4.302543623702877
mcts,MCTS,0.5,10,30,1.0,1.0,1.0,203.7,42.59443868507427,188.4577758705039,218.94222412949608,-109.9,47.210716200222286,-126.79413782297307,-93.00586217702694,1.8,102.53333333333333,49.3,20.37,4.259443868507427,18.845777587050392,21.89422241294961,4.302543623702877
mcts,MCTS,0.5,5,30,1.0,1.0,1.0,203.7,42.59443868507427,188.4577758705039,218.94222412949608,-109.9,47.210716200222286,-126.79413782297307,-93.00586217702694,1.8,102.53333333333333,49.3,40.74,8.518887737014854,37.691555174100785,43.78844482589922,4.302543623702877
mcts,MCTS,0.5,2,30,1.0,1.0,1.0,203.7,42.59443868507427,188.4577758705039,218.94222412949608,-109.9,47.210716200222286,-126.79413782297307,-93.00586217702694,1.8,102.53333333333333,49.3,101.85,21.297219342537137,94.22888793525195,109.47111206474804,4.302543623702877
mcts,MCTS,0.5,1,30,1.0,1.0,1.0,203.7,42.59443868507427,188.4577758705039,218.94222412949608,-109.9,47.210716200222286,-126.79413782297307,-93.00586217702694,1.8,102.53333333333333,49.3,203.7,42.59443868507427,188.4577758705039,218.94222412949608,4.302543623702877
